Customer ID,age,state,gender,tenure_months,primary_plan,primary_device,total_revenue,total_data_gb,churn,churn_probability,score_percentile,risk_level,score_origin
CUST0001,27,Kwara,Male,2,165GB Monthly Plan,4G Router,665000,44.48,Yes,0.4743153924068275,0.4959677419354839,Low,full-data fit; exploratory only
CUST0002,16,Abuja (FCT),Female,22,12.5GB Monthly Plan,Mobile SIM Card,66000,19.79,Yes,0.7095847494065154,0.9254032258064516,Critical,full-data fit; exploratory only
CUST0003,21,Sokoto,Male,60,150GB FUP Monthly Unlimited,5G Broadband Router,299000,283.03,No,0.3893657830306796,0.3245967741935484,Low,full-data fit; exploratory only
CUST0004,36,Gombe,Female,14,10GB+10mins Monthly Plan,4G Router,40500,92.72,No,0.4523534000142292,0.4657258064516129,Low,full-data fit; exploratory only
CUST0005,57,Oyo,Male,53,25GB Monthly Plan,4G Router,144000,42.92,No,0.49522976325958507,0.5423387096774194,Medium,full-data fit; exploratory only
CUST0006,74,Plateau,Female,9,1.5TB Yearly Broadband Plan,4G Router,413500,93.88,No,0.21437492624926202,0.07258064516129033,Low,full-data fit; exploratory only
CUST0007,24,Jigawa,Female,39,120GB Monthly Broadband Plan,Broadband MiFi,264000,150.3,Yes,0.3717489284015588,0.2923387096774194,Low,full-data fit; exploratory only
CUST0008,53,Kwara,Male,30,300GB FUP Monthly Unlimited,Broadband MiFi,510000,168.41,No,0.5902820312115996,0.7419354838709677,Medium,full-data fit; exploratory only
CUST0009,35,Gombe,Male,35,300GB FUP Monthly Unlimited,Broadband MiFi,300000,175.81,No,0.5411913086358862,0.6491935483870968,Medium,full-data fit; exploratory only
CUST0010,23,Imo,Male,6,10GB+10mins Monthly Plan,4G Router,355550,389.0,No,0.445613632560229,0.45161290322580644,Low,full-data fit; exploratory only
CUST0011,72,Bauchi,Female,8,300GB FUP Monthly Unlimited,4G Router,301000,43.25,Yes,0.3810453220833665,0.31451612903225806,Low,full-data fit; exploratory only
CUST0012,78,Ondo,Male,47,60GB Monthly Broadband Plan,4G Router,221000,214.48000000000002,No,0.3023532126984503,0.18346774193548387,Low,full-data fit; exploratory only
CUST0013,23,Kebbi,Female,52,10GB+10mins Monthly Plan,4G Router,54000,144.97,Yes,0.5625757750486221,0.6955645161290323,Medium,full-data fit; exploratory only
CUST0014,22,Adamawa,Male,6,20GB Monthly Plan,4G Router,128500,86.75999999999999,No,0.7817688772164102,0.9637096774193549,Critical,full-data fit; exploratory only
CUST0015,70,Yobe,Male,13,300GB FUP Monthly Unlimited,4G Router,702000,192.69,No,0.7012761114173853,0.9133064516129032,Critical,full-data fit; exploratory only
CUST0016,46,Kebbi,Male,57,10GB+10mins Monthly Plan,4G Router,424500,186.46,No,0.5448462382745123,0.6592741935483871,Medium,full-data fit; exploratory only
CUST0017,74,Anambra,Male,35,25GB Monthly Plan,4G Router,135000,57.35,Yes,0.5360846374829327,0.6391129032258065,Medium,full-data fit; exploratory only
CUST0018,54,Bauchi,Male,43,150GB FUP Monthly Unlimited,5G Broadband Router,360000,178.0,No,0.19580610276160115,0.056451612903225805,Low,full-data fit; exploratory only
CUST0019,50,Cross River,Male,46,2.5GB 2-Day Plan,4G Router,111600,28.21,No,0.46003883496432796,0.48185483870967744,Low,full-data fit; exploratory only
CUST0020,49,Abuja (FCT),Female,36,25GB Monthly Plan,4G Router,855000,322.49,Yes,0.6276398612433042,0.8024193548387096,High,full-data fit; exploratory only
CUST0021,42,Imo,Male,23,10GB+10mins Monthly Plan,Mobile SIM Card,4500,176.34,No,0.643686315910747,0.8205645161290323,High,full-data fit; exploratory only
CUST0022,58,Kogi,Male,18,500MB Daily Plan,Mobile SIM Card,5250,40.31,No,0.46778218634259905,0.4899193548387097,Low,full-data fit; exploratory only
CUST0023,55,Osun,Male,2,200GB Monthly Broadband Plan,5G Broadband Router,325000,128.48,No,0.2905690240107546,0.15725806451612903,Low,full-data fit; exploratory only
CUST0024,58,Kano,Male,57,120GB Monthly Broadband Plan,Broadband MiFi,391500,208.64,No,0.3219467022657072,0.20967741935483872,Low,full-data fit; exploratory only
CUST0025,65,Benue,Female,3,120GB Monthly Broadband Plan,4G Router,526000,424.32,No,0.5986569061130763,0.7560483870967742,High,full-data fit; exploratory only
CUST0026,67,Cross River,Male,13,450GB 3-Month Broadband Plan,5G Broadband Router,75000,109.81,No,0.07018385448678466,0.006048387096774193,Low,full-data fit; exploratory only
CUST0027,52,Ondo,Female,51,10GB+10mins Monthly Plan,4G Router,248500,196.39,No,0.23462640400222642,0.1028225806451613,Low,full-data fit; exploratory only
CUST0028,19,Rivers,Male,31,10GB+10mins Monthly Plan,Mobile SIM Card,26100,258.82,No,0.20662863933096634,0.06854838709677419,Low,full-data fit; exploratory only
CUST0029,44,Enugu,Female,4,165GB Monthly Plan,4G Router,1910000,345.69,No,0.6014808122345426,0.7600806451612904,High,full-data fit; exploratory only
CUST0030,49,Imo,Female,50,165GB Monthly Plan,4G Router,767000,231.32999999999998,Yes,0.7509366513933895,0.9495967741935484,Critical,full-data fit; exploratory only
CUST0031,69,Kogi,Female,35,2.5GB 2-Day Plan,5G Broadband Router,917100,267.08,Yes,0.45281756902582404,0.46774193548387094,Low,full-data fit; exploratory only
CUST0032,65,Kogi,Male,32,7GB Monthly Plan,Mobile SIM Card,45500,133.94,No,0.2812567460126836,0.14516129032258066,Low,full-data fit; exploratory only
CUST0033,75,Borno,Male,59,60GB Monthly Broadband Plan,Broadband MiFi,217500,27.57,No,0.2024879562854019,0.06048387096774194,Low,full-data fit; exploratory only
CUST0034,22,Edo,Female,21,120GB Monthly Broadband Plan,5G Broadband Router,416000,316.99,No,0.5512453985092955,0.6653225806451613,Medium,full-data fit; exploratory only
CUST0035,44,Kaduna,Male,49,150GB FUP Monthly Unlimited,4G Router,1345000,261.3,Yes,0.4158540972611641,0.37701612903225806,Low,full-data fit; exploratory only
CUST0036,36,Abia,Male,38,150GB FUP Monthly Unlimited,5G Broadband Router,202800,155.25,No,0.4546138163675741,0.4717741935483871,Low,full-data fit; exploratory only
CUST0037,21,Ekiti,Female,43,165GB Monthly Plan,4G Router,664000,163.17000000000002,No,0.4924737953850271,0.532258064516129,Medium,full-data fit; exploratory only
CUST0038,50,Adamawa,Female,30,300GB FUP Monthly Unlimited,Broadband MiFi,240000,176.39,Yes,0.8073520712411588,0.9838709677419355,Critical,full-data fit; exploratory only
CUST0039,64,Bayelsa,Male,32,120GB Monthly Broadband Plan,5G Broadband Router,328000,279.69,No,0.272108825346156,0.1350806451612903,Low,full-data fit; exploratory only
CUST0040,46,Kogi,Female,36,150GB FUP Monthly Unlimited,Broadband MiFi,393000,120.79,No,0.3104118661414268,0.19153225806451613,Low,full-data fit; exploratory only
CUST0041,76,Bauchi,Female,28,25GB Monthly Plan,5G Broadband Router,263500,48.92,No,0.1605636027077921,0.03225806451612903,Low,full-data fit; exploratory only
CUST0042,40,Ondo,Female,18,1.5GB 2-Day Plan,4G Router,82200,116.03,No,0.2969332326400737,0.16733870967741934,Low,full-data fit; exploratory only
CUST0043,32,Yobe,Male,56,30GB Monthly Broadband Plan,5G Broadband Router,261000,215.38,Yes,0.6685827538053621,0.8649193548387096,High,full-data fit; exploratory only
CUST0044,25,Oyo,Male,10,500MB Daily Plan,Mobile SIM Card,4550,155.25,No,0.6554456699066434,0.8467741935483871,High,full-data fit; exploratory only
CUST0045,72,Abia,Female,20,10GB+10mins Monthly Plan,4G Router,13500,53.3,No,0.48234508171076973,0.5040322580645161,Medium,full-data fit; exploratory only
CUST0046,46,Enugu,Male,11,165GB Monthly Plan,4G Router,853500,230.34999999999997,No,0.37143494830690676,0.2903225806451613,Low,full-data fit; exploratory only
CUST0047,70,Delta,Male,42,150GB FUP Monthly Unlimited,Broadband MiFi,400000,158.63,No,0.30821003990794327,0.18951612903225806,Low,full-data fit; exploratory only
CUST0048,72,Delta,Female,45,120GB Monthly Broadband Plan,4G Router,105900,301.23,No,0.42415567285441486,0.4012096774193548,Low,full-data fit; exploratory only
CUST0049,21,Enugu,Female,34,12.5GB Monthly Plan,Broadband MiFi,240500,204.11,Yes,0.5342544828085891,0.6350806451612904,Medium,full-data fit; exploratory only
CUST0050,68,Yobe,Female,43,150GB FUP Monthly Unlimited,4G Router,548000,325.75,Yes,0.708108747072827,0.9233870967741935,Critical,full-data fit; exploratory only
CUST0051,68,Oyo,Male,34,150GB FUP Monthly Unlimited,5G Broadband Router,637000,292.56,No,0.3694490974371107,0.2862903225806452,Low,full-data fit; exploratory only
CUST0052,36,Abia,Male,36,3.2GB 2-Day Plan,Mobile SIM Card,5000,129.72,Yes,0.7575987534501981,0.9536290322580645,Critical,full-data fit; exploratory only
CUST0053,53,Zamfara,Female,27,500MB Daily Plan,Mobile SIM Card,5950,184.41,Yes,0.5422736640366873,0.6532258064516129,Medium,full-data fit; exploratory only
CUST0054,24,Akwa Ibom,Female,22,120GB Monthly Broadband Plan,Mobile SIM Card,628500,436.41999999999996,Yes,0.40159838624655947,0.3467741935483871,Low,full-data fit; exploratory only
CUST0055,65,Osun,Female,3,1.5GB 2-Day Plan,5G Broadband Router,571200,200.02999999999997,No,0.23441856129237212,0.10080645161290322,Low,full-data fit; exploratory only
CUST0056,28,Nasarawa,Male,34,165GB Monthly Plan,Broadband MiFi,705000,281.25,No,0.48076109850599963,0.5020161290322581,Medium,full-data fit; exploratory only
CUST0057,58,Adamawa,Female,21,60GB Monthly Broadband Plan,5G Broadband Router,203000,149.48,Yes,0.6564717908411883,0.8487903225806451,High,full-data fit; exploratory only
CUST0058,28,Nasarawa,Male,45,200GB Monthly Broadband Plan,5G Broadband Router,125000,75.28,Yes,0.5604601735223138,0.6895161290322581,Medium,full-data fit; exploratory only
CUST0059,68,Enugu,Male,12,10GB+10mins Monthly Plan,4G Router,307000,324.23,No,0.2763621060922995,0.13709677419354838,Low,full-data fit; exploratory only
CUST0060,25,Nasarawa,Female,38,150GB FUP Monthly Unlimited,5G Broadband Router,540000,247.32,No,0.5043428160109324,0.5705645161290323,Medium,full-data fit; exploratory only
CUST0061,53,Kano,Female,18,200GB Monthly Broadband Plan,4G Router,460000,335.15999999999997,No,0.7480315848720026,0.9435483870967742,Critical,full-data fit; exploratory only
CUST0062,21,Abia,Female,3,300GB FUP Monthly Unlimited,Broadband MiFi,276300,133.28,Yes,0.5939075676578114,0.7520161290322581,High,full-data fit; exploratory only
CUST0063,48,Taraba,Female,48,10GB+10mins Monthly Plan,4G Router,58500,172.1,No,0.41439663699707924,0.3709677419354839,Low,full-data fit; exploratory only
CUST0064,27,Kebbi,Male,17,12.5GB Monthly Plan,4G Router,371000,210.7,No,0.6538119213197958,0.8366935483870968,High,full-data fit; exploratory only
CUST0065,75,Abia,Female,8,150GB FUP Monthly Unlimited,Broadband MiFi,258000,125.37,No,0.3699944978503043,0.28830645161290325,Low,full-data fit; exploratory only
CUST0066,69,Plateau,Female,42,300GB FUP Monthly Unlimited,5G Broadband Router,508000,215.01,No,0.4265584297527703,0.4112903225806452,Low,full-data fit; exploratory only
CUST0067,61,Oyo,Female,18,150GB FUP Monthly Unlimited,5G Broadband Router,499000,139.11,No,0.42201834204290195,0.3911290322580645,Low,full-data fit; exploratory only
CUST0068,32,Ondo,Male,54,300GB FUP Monthly Unlimited,5G Broadband Router,600000,157.83,Yes,0.34863746670286383,0.2560483870967742,Low,full-data fit; exploratory only
CUST0069,51,Plateau,Male,35,65GB Monthly Plan,4G Router,128000,71.97,Yes,0.5111110621529449,0.5866935483870968,Medium,full-data fit; exploratory only
CUST0070,18,Enugu,Female,4,10GB+10mins Monthly Plan,4G Router,18000,102.89,No,0.42206319658875097,0.39314516129032256,Low,full-data fit; exploratory only
CUST0071,80,Osun,Male,47,60GB Monthly Broadband Plan,Broadband MiFi,203000,169.54,No,0.21752650251945332,0.08064516129032258,Low,full-data fit; exploratory only
CUST0072,78,Nasarawa,Male,58,25GB Monthly Plan,4G Router,171000,125.05,No,0.42036656523764615,0.3870967741935484,Low,full-data fit; exploratory only
CUST0073,64,Bauchi,Female,30,165GB Monthly Plan,Mobile SIM Card,280000,90.59,No,0.2287248762553186,0.09274193548387097,Low,full-data fit; exploratory only
CUST0074,59,Sokoto,Female,27,1.5TB Yearly Broadband Plan,4G Router,1022000,212.05,No,0.410277674320062,0.3649193548387097,Low,full-data fit; exploratory only
CUST0075,31,Kogi,Female,56,10GB+10mins Monthly Plan,4G Router,502000,274.73,No,0.3001135304876023,0.17540322580645162,Low,full-data fit; exploratory only
CUST0076,70,Kano,Female,2,165GB Monthly Plan,4G Router,80000,51.07,No,0.5048500558359132,0.5725806451612904,Medium,full-data fit; exploratory only
CUST0077,43,Jigawa,Female,30,2.5GB 2-Day Plan,5G Broadband Router,420100,299.06,No,0.5003926007281769,0.5564516129032258,Medium,full-data fit; exploratory only
CUST0078,69,Akwa Ibom,Male,49,1GB+1.5mins Daily Plan,5G Broadband Router,96500,11.59,No,0.6222759969448808,0.7983870967741935,High,full-data fit; exploratory only
CUST0079,33,Edo,Female,21,120GB Monthly Broadband Plan,Broadband MiFi,568000,218.72,No,0.5135771587111285,0.592741935483871,Medium,full-data fit; exploratory only
CUST0080,66,Rivers,Female,2,165GB Monthly Plan,4G Router,571500,418.01,No,0.49961803772111124,0.5504032258064516,Medium,full-data fit; exploratory only
CUST0081,71,Anambra,Male,28,120GB Monthly Broadband Plan,5G Broadband Router,483000,282.76,Yes,0.40446761767267275,0.35080645161290325,Low,full-data fit; exploratory only
CUST0082,40,Ekiti,Female,47,10GB+10mins Monthly Plan,4G Router,13500,152.16,Yes,0.4556435915511587,0.4737903225806452,Low,full-data fit; exploratory only
CUST0083,79,Sokoto,Female,44,1GB+1.5mins Daily Plan,5G Broadband Router,36500,230.07999999999998,Yes,0.5701253781535134,0.7076612903225806,Medium,full-data fit; exploratory only
CUST0084,75,Nasarawa,Male,4,12.5GB Monthly Plan,Mobile SIM Card,11000,116.28,Yes,0.5915124915782376,0.7479838709677419,Medium,full-data fit; exploratory only
CUST0085,40,Niger,Female,33,1.5TB Yearly Broadband Plan,5G Broadband Router,3300000,113.36,No,0.8122324642386023,0.9858870967741935,Critical,full-data fit; exploratory only
CUST0086,62,Gombe,Female,25,150GB FUP Monthly Unlimited,5G Broadband Router,360000,66.27,No,0.41309091826927263,0.3689516129032258,Low,full-data fit; exploratory only
CUST0087,52,Edo,Male,22,1GB+1.5mins Daily Plan,5G Broadband Router,230500,138.23,No,0.6814526968833434,0.8870967741935484,High,full-data fit; exploratory only
CUST0088,27,Kwara,Female,2,30GB Monthly Broadband Plan,Broadband MiFi,37750,259.51,Yes,0.5453889276402959,0.6612903225806451,Medium,full-data fit; exploratory only
CUST0089,20,Bayelsa,Male,39,1.5TB Yearly Broadband Plan,4G Router,2381500,311.82,Yes,0.707327820343544,0.9213709677419355,Critical,full-data fit; exploratory only
CUST0090,40,Gombe,Female,30,10GB+10mins Monthly Plan,Broadband MiFi,270000,349.54999999999995,No,0.4265372802070295,0.4092741935483871,Low,full-data fit; exploratory only
CUST0091,31,Cross River,Male,49,10GB+10mins Monthly Plan,4G Router,377700,321.81,No,0.2855450901567125,0.15120967741935484,Low,full-data fit; exploratory only
CUST0092,63,Osun,Male,21,300GB FUP Monthly Unlimited,Broadband MiFi,480000,183.52,No,0.3271908618564029,0.21774193548387097,Low,full-data fit; exploratory only
CUST0093,76,Nasarawa,Male,58,3.2GB 2-Day Plan,Mobile SIM Card,8000,155.35,Yes,0.7205892854548124,0.9274193548387096,Critical,full-data fit; exploratory only
CUST0094,31,Oyo,Male,27,1.5GB 2-Day Plan,5G Broadband Router,371800,240.14,Yes,0.444432403098615,0.4495967741935484,Low,full-data fit; exploratory only
CUST0095,62,Kaduna,Male,25,30GB Monthly Broadband Plan,5G Broadband Router,41000,120.34,No,0.21506348840297146,0.07459677419354839,Low,full-data fit; exploratory only
CUST0096,33,Rivers,Female,35,1.5GB 2-Day Plan,4G Router,1083800,328.6,No,0.35814704348330406,0.2701612903225806,Low,full-data fit; exploratory only
CUST0097,55,Zamfara,Female,53,200GB Monthly Broadband Plan,5G Broadband Router,50000,172.5,Yes,0.4931776423449787,0.5342741935483871,Medium,full-data fit; exploratory only
CUST0098,50,Delta,Female,28,1.5TB Yearly Broadband Plan,5G Broadband Router,1872000,192.28,No,0.22728632743162114,0.0907258064516129,Low,full-data fit; exploratory only
CUST0099,26,Kwara,Male,35,20GB Monthly Plan,4G Router,1248000,178.72,Yes,0.6816608470988391,0.8911290322580645,High,full-data fit; exploratory only
CUST0100,67,Gombe,Male,2,30GB Monthly Broadband Plan,Broadband MiFi,174500,124.46,No,0.18446846901188974,0.04032258064516129,Low,full-data fit; exploratory only
CUST0101,35,Nasarawa,Female,24,120GB Monthly Broadband Plan,Mobile SIM Card,469000,275.27000000000004,No,0.18566395308598313,0.04435483870967742,Low,full-data fit; exploratory only
CUST0102,49,Edo,Female,14,1.5GB 2-Day Plan,Mobile SIM Card,9000,179.79,Yes,0.5915301260399358,0.75,High,full-data fit; exploratory only
CUST0103,56,Ekiti,Male,36,300GB FUP Monthly Unlimited,4G Router,440350,466.24,No,0.7382619439125475,0.9354838709677419,Critical,full-data fit; exploratory only
CUST0104,32,Katsina,Male,20,12.5GB Monthly Plan,Broadband MiFi,516000,264.83000000000004,No,0.49108723679701927,0.5282258064516129,Medium,full-data fit; exploratory only
CUST0105,39,Borno,Female,33,25GB Monthly Plan,Broadband MiFi,582000,376.5,No,0.3129657825207397,0.1935483870967742,Low,full-data fit; exploratory only
CUST0106,26,Edo,Male,41,120GB Monthly Broadband Plan,5G Broadband Router,786500,488.85,No,0.5314351264313233,0.6310483870967742,Medium,full-data fit; exploratory only
CUST0107,19,Katsina,Male,42,10GB+10mins Monthly Plan,4G Router,45000,128.56,No,0.4096113603209049,0.3588709677419355,Low,full-data fit; exploratory only
CUST0108,47,Kebbi,Female,30,300GB FUP Monthly Unlimited,Broadband MiFi,398500,268.5,Yes,0.7999983912136821,0.9798387096774194,Critical,full-data fit; exploratory only
CUST0109,32,Gombe,Male,21,65GB Monthly Plan,Mobile SIM Card,208000,10.6,Yes,0.6753910423726811,0.8790322580645161,High,full-data fit; exploratory only
CUST0110,47,Abuja (FCT),Female,60,165GB Monthly Plan,4G Router,281500,201.07,No,0.6575993612829313,0.8508064516129032,High,full-data fit; exploratory only
CUST0111,61,Oyo,Male,19,25GB Monthly Plan,4G Router,288000,319.78,No,0.3968470183634136,0.3387096774193548,Low,full-data fit; exploratory only
CUST0112,62,Cross River,Male,25,60GB Monthly Broadband Plan,5G Broadband Router,380500,383.46,Yes,0.6027466257727893,0.7681451612903226,High,full-data fit; exploratory only
CUST0113,21,Rivers,Male,9,25GB Monthly Plan,4G Router,99000,186.31,No,0.3809490928019232,0.3125,Low,full-data fit; exploratory only
CUST0114,66,Abia,Female,33,200GB Monthly Broadband Plan,5G Broadband Router,350000,134.92,Yes,0.5412649603431273,0.6512096774193549,Medium,full-data fit; exploratory only
CUST0115,19,Taraba,Female,42,1.5GB 2-Day Plan,Mobile SIM Card,4800,164.42,No,0.5825543954853645,0.7298387096774194,Medium,full-data fit; exploratory only
CUST0116,30,Benue,Male,29,16.5GB+10mins Monthly Plan,Mobile SIM Card,104000,155.11,Yes,0.5710539748805133,0.7137096774193549,Medium,full-data fit; exploratory only
CUST0117,33,Bauchi,Male,36,12.5GB Monthly Plan,4G Router,125000,148.34,No,0.3843517614068509,0.3185483870967742,Low,full-data fit; exploratory only
CUST0118,54,Osun,Female,50,200GB Monthly Broadband Plan,4G Router,387000,137.13,No,0.48701028909364963,0.5181451612903226,Medium,full-data fit; exploratory only
CUST0119,66,Ekiti,Male,19,1.5TB Yearly Broadband Plan,5G Broadband Router,2400000,131.37,No,0.10073874634694356,0.010080645161290322,Low,full-data fit; exploratory only
CUST0120,41,Adamawa,Female,60,10GB+10mins Monthly Plan,4G Router,253000,347.12,Yes,0.7734058810646749,0.9576612903225806,Critical,full-data fit; exploratory only
CUST0121,36,Kogi,Female,31,1.5GB 2-Day Plan,5G Broadband Router,168600,431.18,No,0.43333629026694465,0.42943548387096775,Low,full-data fit; exploratory only
CUST0122,39,Cross River,Male,1,1.5TB Yearly Broadband Plan,4G Router,890000,232.84,No,0.158447818384262,0.03024193548387097,Low,full-data fit; exploratory only
CUST0123,36,Sokoto,Female,46,165GB Monthly Plan,4G Router,715000,183.28,No,0.4806575275913494,0.5,Medium,full-data fit; exploratory only
CUST0124,33,Taraba,Female,60,120GB Monthly Broadband Plan,4G Router,648000,169.38,Yes,0.43533867398440385,0.4375,Low,full-data fit; exploratory only
CUST0125,23,Delta,Female,20,120GB Monthly Broadband Plan,5G Broadband Router,597600,356.59,No,0.2773563096871773,0.13911290322580644,Low,full-data fit; exploratory only
CUST0126,69,Taraba,Male,49,16.5GB+10mins Monthly Plan,Mobile SIM Card,19500,140.9,No,0.5337113697415419,0.6330645161290323,Medium,full-data fit; exploratory only
CUST0127,23,Zamfara,Male,37,12.5GB Monthly Plan,5G Broadband Router,761000,283.36,No,0.3551745298138963,0.26814516129032256,Low,full-data fit; exploratory only
CUST0128,75,Abia,Male,26,165GB Monthly Plan,Mobile SIM Card,1032700,334.01,No,0.28568522605931884,0.1532258064516129,Low,full-data fit; exploratory only
CUST0129,33,Kogi,Female,58,16.5GB+10mins Monthly Plan,Broadband MiFi,240000,63.14,No,0.3054350692594625,0.1875,Low,full-data fit; exploratory only
CUST0130,32,Osun,Male,49,300GB FUP Monthly Unlimited,4G Router,348200,267.36,No,0.513133039515119,0.5907258064516129,Medium,full-data fit; exploratory only
CUST0131,46,Ondo,Male,7,300GB FUP Monthly Unlimited,5G Broadband Router,561700,340.1,No,0.4031232754604808,0.3487903225806452,Low,full-data fit; exploratory only
CUST0132,56,Niger,Male,20,120GB Monthly Broadband Plan,5G Broadband Router,294000,287.39,Yes,0.37545067601927695,0.2963709677419355,Low,full-data fit; exploratory only
CUST0133,64,Bauchi,Female,45,500MB Daily Plan,Mobile SIM Card,3500,169.94,Yes,0.49488366515559207,0.5403225806451613,Medium,full-data fit; exploratory only
CUST0134,75,Oyo,Female,27,300GB FUP Monthly Unlimited,4G Router,530000,73.01,Yes,0.6438801977790124,0.8225806451612904,High,full-data fit; exploratory only
CUST0135,25,Benue,Male,31,10GB+10mins Monthly Plan,Mobile SIM Card,18000,192.43,No,0.5361037545889922,0.6411290322580645,Medium,full-data fit; exploratory only
CUST0136,47,Ondo,Female,59,16.5GB+10mins Monthly Plan,4G Router,209000,202.17,No,0.36050040315052173,0.2762096774193548,Low,full-data fit; exploratory only
CUST0137,28,Taraba,Female,59,10GB+10mins Monthly Plan,4G Router,81000,3.74,No,0.41864716305244926,0.3810483870967742,Low,full-data fit; exploratory only
CUST0138,53,Plateau,Male,22,16.5GB+10mins Monthly Plan,Mobile SIM Card,71500,131.09,No,0.28330298514367747,0.14919354838709678,Low,full-data fit; exploratory only
CUST0139,78,Yobe,Female,11,30GB Monthly Broadband Plan,4G Router,174000,258.02,Yes,0.5513750466942913,0.6673387096774194,Medium,full-data fit; exploratory only
CUST0140,45,Kaduna,Male,1,12.5GB Monthly Plan,Mobile SIM Card,99000,3.64,No,0.3385865168860555,0.23588709677419356,Low,full-data fit; exploratory only
CUST0141,17,Kano,Female,35,3.2GB 2-Day Plan,Mobile SIM Card,8000,105.11,No,0.7979145844703258,0.9758064516129032,Critical,full-data fit; exploratory only
CUST0142,48,Ekiti,Female,51,120GB Monthly Broadband Plan,5G Broadband Router,74800,335.02,No,0.42887584152656943,0.41935483870967744,Low,full-data fit; exploratory only
CUST0143,27,Kebbi,Female,25,120GB Monthly Broadband Plan,Mobile SIM Card,533000,508.51,No,0.525260755209187,0.6169354838709677,Medium,full-data fit; exploratory only
CUST0144,76,Akwa Ibom,Male,60,1.5GB 2-Day Plan,4G Router,482800,403.09,No,0.4791329770588884,0.49798387096774194,Low,full-data fit; exploratory only
CUST0145,65,Adamawa,Female,25,60GB Monthly Broadband Plan,Broadband MiFi,113500,168.04000000000002,No,0.6791042817541622,0.8830645161290323,High,full-data fit; exploratory only
CUST0146,57,Kano,Female,51,20GB Monthly Plan,Broadband MiFi,240000,177.31,Yes,0.5397252281085295,0.6451612903225806,Medium,full-data fit; exploratory only
CUST0147,50,Plateau,Female,46,30GB Monthly Broadband Plan,Broadband MiFi,135000,188.62,No,0.18651232907233978,0.04838709677419355,Low,full-data fit; exploratory only
CUST0148,50,Anambra,Male,6,120GB Monthly Broadband Plan,5G Broadband Router,1317000,193.88,No,0.42085095970718944,0.38911290322580644,Low,full-data fit; exploratory only
CUST0149,26,Imo,Male,44,3.2GB 2-Day Plan,Broadband MiFi,52500,94.16,Yes,0.8345497509671185,0.9919354838709677,Critical,full-data fit; exploratory only
CUST0150,48,Imo,Female,39,7GB Monthly Plan,Mobile SIM Card,45500,168.4,Yes,0.6837603328747469,0.8951612903225806,High,full-data fit; exploratory only
CUST0151,72,Bayelsa,Female,53,10GB+10mins Monthly Plan,4G Router,188000,405.55,No,0.34691866136268446,0.25,Low,full-data fit; exploratory only
CUST0152,62,Delta,Male,38,20GB Monthly Plan,4G Router,64500,301.1,Yes,0.60637021716562,0.7721774193548387,High,full-data fit; exploratory only
CUST0153,46,Edo,Male,46,16.5GB+10mins Monthly Plan,5G Broadband Router,199000,342.99,Yes,0.5707319372933461,0.7116935483870968,Medium,full-data fit; exploratory only
CUST0154,26,Anambra,Male,43,7GB Monthly Plan,Mobile SIM Card,49000,193.16,No,0.5439900982598093,0.657258064516129,Medium,full-data fit; exploratory only
CUST0155,17,Anambra,Female,15,10GB+10mins Monthly Plan,4G Router,61500,280.96000000000004,No,0.6358223800533618,0.8145161290322581,High,full-data fit; exploratory only
CUST0156,34,Ekiti,Female,22,12.5GB Monthly Plan,Broadband MiFi,142500,158.44,No,0.4937986453455899,0.5383064516129032,Medium,full-data fit; exploratory only
CUST0157,18,Bayelsa,Male,44,1.5GB 2-Day Plan,4G Router,66900,84.44,No,0.34122590314586265,0.2399193548387097,Low,full-data fit; exploratory only
CUST0159,29,Adamawa,Male,24,450GB 3-Month Broadband Plan,5G Broadband Router,970000,237.20999999999998,No,0.6681373657417151,0.8608870967741935,High,full-data fit; exploratory only
CUST0160,74,Enugu,Female,59,150GB FUP Monthly Unlimited,5G Broadband Router,100000,37.02,No,0.4076929305855122,0.3548387096774194,Low,full-data fit; exploratory only
CUST0161,65,Kogi,Male,37,165GB Monthly Plan,4G Router,719000,399.77,Yes,0.4572409702204755,0.47580645161290325,Low,full-data fit; exploratory only
CUST0162,33,Benue,Female,36,1.5GB 2-Day Plan,4G Router,41100,75.76,No,0.6799145518907468,0.8850806451612904,High,full-data fit; exploratory only
CUST0163,52,Abuja (FCT),Female,37,120GB Monthly Broadband Plan,4G Router,698000,421.44000000000005,No,0.6315105139647603,0.8104838709677419,High,full-data fit; exploratory only
CUST0164,20,Nasarawa,Female,23,10GB+10mins Monthly Plan,Mobile SIM Card,85500,162.24,No,0.37871204764398175,0.3064516129032258,Low,full-data fit; exploratory only
CUST0165,70,Abuja (FCT),Male,51,1GB+1.5mins Daily Plan,4G Router,532500,207.38,No,0.6465385430036579,0.8266129032258065,High,full-data fit; exploratory only
CUST0166,51,Borno,Male,16,165GB Monthly Plan,4G Router,242000,244.68,No,0.2505295122146903,0.12096774193548387,Low,full-data fit; exploratory only
CUST0167,74,Yobe,Female,38,150GB FUP Monthly Unlimited,5G Broadband Router,1270000,143.16,No,0.6019324595096186,0.7620967741935484,High,full-data fit; exploratory only
CUST0168,59,Borno,Female,51,150GB FUP Monthly Unlimited,Broadband MiFi,57500,129.4,Yes,0.3679302896079916,0.2842741935483871,Low,full-data fit; exploratory only
CUST0169,36,Akwa Ibom,Male,42,2.5GB 2-Day Plan,4G Router,132700,319.68,Yes,0.817591443463999,0.9879032258064516,Critical,full-data fit; exploratory only
CUST0170,44,Bauchi,Female,1,3.2GB 2-Day Plan,4G Router,60000,67.26,No,0.48558122613222954,0.5161290322580645,Medium,full-data fit; exploratory only
CUST0171,33,Jigawa,Male,42,165GB Monthly Plan,4G Router,245000,70.56,No,0.4253101956462192,0.40524193548387094,Low,full-data fit; exploratory only
CUST0172,68,Nasarawa,Male,6,120GB Monthly Broadband Plan,4G Router,124000,443.32,No,0.5061146538188624,0.5766129032258065,Medium,full-data fit; exploratory only
CUST0173,42,Bauchi,Male,48,20GB Monthly Plan,Mobile SIM Card,120000,22.99,No,0.3399420613859747,0.23790322580645162,Low,full-data fit; exploratory only
CUST0174,17,Gombe,Female,9,10GB+10mins Monthly Plan,4G Router,5500,161.22,No,0.5772822901576679,0.7237903225806451,Medium,full-data fit; exploratory only
CUST0175,80,Cross River,Female,28,1.5GB 2-Day Plan,Mobile SIM Card,142800,250.81,No,0.18451142000698545,0.04233870967741935,Low,full-data fit; exploratory only
CUST0176,71,Imo,Male,16,16.5GB+10mins Monthly Plan,4G Router,295500,139.9,Yes,0.6020378065027018,0.7641129032258065,High,full-data fit; exploratory only
CUST0177,63,Borno,Female,47,150GB FUP Monthly Unlimited,5G Broadband Router,397000,152.44,No,0.19636268176276722,0.05846774193548387,Low,full-data fit; exploratory only
CUST0178,23,Yobe,Male,24,30GB Monthly Broadband Plan,5G Broadband Router,463200,365.57,No,0.5168824909731644,0.5967741935483871,Medium,full-data fit; exploratory only
CUST0179,69,Osun,Female,16,12.5GB Monthly Plan,5G Broadband Router,592000,409.14,Yes,0.41914001597928646,0.3850806451612903,Low,full-data fit; exploratory only
CUST0180,27,Sokoto,Male,24,25GB Monthly Plan,Mobile SIM Card,150300,265.17,No,0.1349173553655191,0.018145161290322582,Low,full-data fit; exploratory only
CUST0181,35,Lagos,Female,2,20GB Monthly Plan,4G Router,288000,309.98,No,0.6685656665264063,0.8629032258064516,High,full-data fit; exploratory only
CUST0182,51,Katsina,Male,59,3.2GB 2-Day Plan,5G Broadband Router,407000,243.98000000000002,No,0.5619987502667768,0.6935483870967742,Medium,full-data fit; exploratory only
CUST0183,23,Kwara,Male,16,1.5TB Yearly Broadband Plan,4G Router,535500,82.41,No,0.4356137747766667,0.43951612903225806,Low,full-data fit; exploratory only
CUST0184,35,Anambra,Male,29,120GB Monthly Broadband Plan,5G Broadband Router,362000,168.28,No,0.3780654966175645,0.30443548387096775,Low,full-data fit; exploratory only
CUST0185,27,Imo,Female,26,12.5GB Monthly Plan,Mobile SIM Card,99000,111.41,Yes,0.7755309359583221,0.9596774193548387,Critical,full-data fit; exploratory only
CUST0186,28,Sokoto,Male,52,10GB+10mins Monthly Plan,4G Router,54000,164.82,Yes,0.3314438144425423,0.2217741935483871,Low,full-data fit; exploratory only
CUST0187,49,Kaduna,Male,5,150GB FUP Monthly Unlimited,5G Broadband Router,300000,9.02,No,0.22456001969498895,0.08669354838709678,Low,full-data fit; exploratory only
CUST0188,37,Kwara,Female,32,60GB Monthly Broadband Plan,5G Broadband Router,130500,181.71,No,0.5128328138776029,0.5887096774193549,Medium,full-data fit; exploratory only
CUST0189,73,Plateau,Male,40,150GB FUP Monthly Unlimited,5G Broadband Router,608000,331.96000000000004,No,0.17621414447651126,0.036290322580645164,Low,full-data fit; exploratory only
CUST0190,64,Ekiti,Female,35,10GB+10mins Monthly Plan,4G Router,654900,173.88000000000002,No,0.2269615569660349,0.08870967741935484,Low,full-data fit; exploratory only
CUST0191,61,Osun,Male,7,1.5GB 2-Day Plan,4G Router,195600,417.6,Yes,0.3750986956373783,0.29435483870967744,Low,full-data fit; exploratory only
CUST0192,34,Benue,Female,35,150GB FUP Monthly Unlimited,Broadband MiFi,20000,120.53,No,0.6305080899637006,0.8064516129032258,High,full-data fit; exploratory only
CUST0193,77,Lagos,Female,59,30GB Monthly Broadband Plan,5G Broadband Router,171000,4.87,No,0.29750163166152077,0.17338709677419356,Low,full-data fit; exploratory only
CUST0194,30,Bauchi,Female,5,165GB Monthly Plan,4G Router,630000,325.19,No,0.35862497898870976,0.2721774193548387,Low,full-data fit; exploratory only
CUST0195,44,Enugu,Female,20,60GB Monthly Broadband Plan,5G Broadband Router,113500,277.35,Yes,0.6026697167842555,0.7661290322580645,High,full-data fit; exploratory only
CUST0196,60,Niger,Male,41,30GB Monthly Broadband Plan,4G Router,199000,80.53,No,0.4539042991631196,0.46975806451612906,Low,full-data fit; exploratory only
CUST0197,37,Kogi,Female,57,500MB Daily Plan,Mobile SIM Card,1050,32.95,No,0.7072705557595634,0.9193548387096774,Critical,full-data fit; exploratory only
CUST0198,53,Kano,Female,17,200GB Monthly Broadband Plan,4G Router,548000,228.65,No,0.6895091555154345,0.905241935483871,Critical,full-data fit; exploratory only
CUST0199,19,Kwara,Male,39,10GB+10mins Monthly Plan,4G Router,81000,139.59,Yes,0.4291797644671503,0.4213709677419355,Low,full-data fit; exploratory only
CUST0200,52,Abia,Male,7,25GB Monthly Plan,4G Router,627000,166.13,No,0.42300790585323406,0.39919354838709675,Low,full-data fit; exploratory only
CUST0201,41,Anambra,Male,14,60GB Monthly Broadband Plan,4G Router,338500,223.0,No,0.5692902510405153,0.7056451612903226,Medium,full-data fit; exploratory only
CUST0202,63,Jigawa,Female,12,3.2GB 2-Day Plan,4G Router,82000,164.44,Yes,0.6710932069923108,0.8669354838709677,High,full-data fit; exploratory only
CUST0203,45,Oyo,Female,53,16.5GB+10mins Monthly Plan,4G Router,128500,130.70999999999998,No,0.607930872167495,0.7782258064516129,High,full-data fit; exploratory only
CUST0204,31,Nasarawa,Male,11,500MB Daily Plan,Mobile SIM Card,1750,199.46,Yes,0.6916068287182221,0.9092741935483871,Critical,full-data fit; exploratory only
CUST0205,56,Kaduna,Male,25,16.5GB+10mins Monthly Plan,Broadband MiFi,301500,186.79999999999998,No,0.27124281025018737,0.1310483870967742,Low,full-data fit; exploratory only
CUST0206,29,Anambra,Female,56,1.5GB 2-Day Plan,Broadband MiFi,315000,177.38,Yes,0.6162697007269496,0.7883064516129032,High,full-data fit; exploratory only
CUST0207,66,Bayelsa,Male,4,120GB Monthly Broadband Plan,5G Broadband Router,384000,62.53,No,0.18063629737475922,0.038306451612903226,Low,full-data fit; exploratory only
CUST0208,45,Borno,Female,48,12.5GB Monthly Plan,4G Router,442000,438.05,Yes,0.5022230949296683,0.5625,Medium,full-data fit; exploratory only
CUST0209,55,Zamfara,Female,9,150GB FUP Monthly Unlimited,Broadband MiFi,40000,7.1,Yes,0.39792340599563186,0.3407258064516129,Low,full-data fit; exploratory only
CUST0210,41,Akwa Ibom,Female,53,150GB FUP Monthly Unlimited,Broadband MiFi,400000,74.81,No,0.5982802516175746,0.7540322580645161,High,full-data fit; exploratory only
CUST0211,38,Taraba,Female,23,10GB+10mins Monthly Plan,Mobile SIM Card,316400,236.08,No,0.11888327352412045,0.014112903225806451,Low,full-data fit; exploratory only
CUST0212,18,Lagos,Female,59,10GB+10mins Monthly Plan,4G Router,45000,121.86,No,0.5225971299932941,0.6129032258064516,Medium,full-data fit; exploratory only
CUST0213,70,Jigawa,Female,30,120GB Monthly Broadband Plan,5G Broadband Router,237300,175.84,No,0.3011117697252029,0.17943548387096775,Low,full-data fit; exploratory only
CUST0214,51,Edo,Female,13,7GB Monthly Plan,Mobile SIM Card,3500,136.31,No,0.6745101707704161,0.8770161290322581,High,full-data fit; exploratory only
CUST0215,53,Edo,Female,26,120GB Monthly Broadband Plan,Mobile SIM Card,555000,278.38,No,0.34156949300932404,0.24193548387096775,Low,full-data fit; exploratory only
CUST0216,32,Edo,Male,44,165GB Monthly Plan,4G Router,827100,396.15,Yes,0.6617625971495399,0.8548387096774194,High,full-data fit; exploratory only
CUST0217,76,Benue,Male,56,10GB+10mins Monthly Plan,4G Router,85500,68.86,Yes,0.4184325744887387,0.3790322580645161,Low,full-data fit; exploratory only
CUST0218,34,Niger,Male,50,30GB Monthly Broadband Plan,5G Broadband Router,81000,1.44,No,0.4428464027748556,0.4475806451612903,Low,full-data fit; exploratory only
CUST0219,37,Abuja (FCT),Female,51,10GB+10mins Monthly Plan,4G Router,440500,374.73,No,0.6218218977743228,0.7963709677419355,High,full-data fit; exploratory only
CUST0220,18,Lagos,Male,15,2.5GB 2-Day Plan,Mobile SIM Card,9000,59.99,Yes,0.6814693694184247,0.8891129032258065,High,full-data fit; exploratory only
CUST0221,59,Kwara,Male,22,2.5GB 2-Day Plan,Mobile SIM Card,4500,46.07,No,0.7450452937161341,0.9415322580645161,Critical,full-data fit; exploratory only
CUST0222,18,Zamfara,Male,8,2.5GB 2-Day Plan,Mobile SIM Card,900,132.56,No,0.6539118417903742,0.8387096774193549,High,full-data fit; exploratory only
CUST0223,30,Kogi,Female,25,65GB Monthly Plan,Mobile SIM Card,64000,60.57,Yes,0.6616391970785496,0.8528225806451613,High,full-data fit; exploratory only
CUST0224,50,Borno,Female,54,150GB FUP Monthly Unlimited,5G Broadband Router,320000,157.06,No,0.25036061629031875,0.11895161290322581,Low,full-data fit; exploratory only
CUST0225,41,Edo,Male,23,165GB Monthly Plan,5G Broadband Router,71000,200.95,Yes,0.5883774073816355,0.7399193548387096,Medium,full-data fit; exploratory only
CUST0226,35,Katsina,Male,47,1.5TB Yearly Broadband Plan,4G Router,1092000,181.01000000000002,No,0.41022560174235223,0.3629032258064516,Low,full-data fit; exploratory only
CUST0227,70,Delta,Male,55,165GB Monthly Plan,4G Router,716000,289.09,No,0.434916622243695,0.43548387096774194,Low,full-data fit; exploratory only
CUST0228,50,Jigawa,Female,52,12.5GB Monthly Plan,5G Broadband Router,428500,341.41999999999996,Yes,0.5679260755356317,0.7016129032258065,Medium,full-data fit; exploratory only
CUST0229,78,Delta,Female,29,25GB Monthly Plan,Mobile SIM Card,180000,104.06,Yes,0.3469988990435234,0.25201612903225806,Low,full-data fit; exploratory only
CUST0230,71,Imo,Female,23,1.5GB 2-Day Plan,5G Broadband Router,618600,233.84,No,0.5184630261169647,0.6008064516129032,Medium,full-data fit; exploratory only
CUST0231,80,Osun,Female,26,12.5GB Monthly Plan,Mobile SIM Card,230000,196.18,No,0.14825504654156285,0.02217741935483871,Low,full-data fit; exploratory only
CUST0232,54,Zamfara,Male,42,165GB Monthly Plan,4G Router,700000,66.73,No,0.3374968337958688,0.23387096774193547,Low,full-data fit; exploratory only
CUST0233,62,Nasarawa,Male,7,12.5GB Monthly Plan,4G Router,309000,89.38,No,0.4282213813225506,0.4153225806451613,Low,full-data fit; exploratory only
CUST0234,31,Kebbi,Male,30,60GB Monthly Broadband Plan,Broadband MiFi,275500,91.75,Yes,0.536440128259558,0.6431451612903226,Medium,full-data fit; exploratory only
CUST0235,33,Yobe,Male,34,1.5GB 2-Day Plan,5G Broadband Router,811000,400.62,No,0.5723173171560101,0.717741935483871,Medium,full-data fit; exploratory only
CUST0236,69,Imo,Female,26,165GB Monthly Plan,Mobile SIM Card,595000,120.7,No,0.6307377547032261,0.8084677419354839,High,full-data fit; exploratory only
CUST0237,56,Ondo,Male,14,25GB Monthly Plan,4G Router,108000,142.22,No,0.2517023630972332,0.12298387096774194,Low,full-data fit; exploratory only
CUST0238,69,Adamawa,Female,57,1.5GB 2-Day Plan,Mobile SIM Card,1200,11.09,No,0.8471623550763474,0.9979838709677419,Critical,full-data fit; exploratory only
CUST0239,50,Abuja (FCT),Female,44,120GB Monthly Broadband Plan,5G Broadband Router,538300,485.18,No,0.4849353299722016,0.5141129032258065,Medium,full-data fit; exploratory only
CUST0240,46,Zamfara,Female,45,12.5GB Monthly Plan,5G Broadband Router,609000,424.49,No,0.515221964882544,0.594758064516129,Medium,full-data fit; exploratory only
CUST0241,40,Cross River,Female,12,10GB+10mins Monthly Plan,4G Router,175500,155.24,No,0.295108025680265,0.16532258064516128,Low,full-data fit; exploratory only
CUST0242,35,Niger,Male,50,165GB Monthly Plan,4G Router,755500,457.62,No,0.7436576488864964,0.9375,Critical,full-data fit; exploratory only
CUST0243,60,Osun,Male,43,16.5GB+10mins Monthly Plan,Mobile SIM Card,6500,164.83,No,0.3961346694977143,0.3346774193548387,Low,full-data fit; exploratory only
CUST0244,60,Nasarawa,Male,58,20GB Monthly Plan,Broadband MiFi,183000,234.0,No,0.5268076982882052,0.6229838709677419,Medium,full-data fit; exploratory only
CUST0245,73,Yobe,Male,19,65GB Monthly Plan,4G Router,112000,125.57,No,0.7819851761262469,0.9657258064516129,Critical,full-data fit; exploratory only
CUST0246,70,Anambra,Male,35,60GB Monthly Broadband Plan,Broadband MiFi,29000,143.52,No,0.5262073617390354,0.6189516129032258,Medium,full-data fit; exploratory only
CUST0247,25,Oyo,Male,51,450GB 3-Month Broadband Plan,5G Broadband Router,975000,77.91,Yes,0.27126350512715164,0.13306451612903225,Low,full-data fit; exploratory only
CUST0248,56,Kano,Female,44,150GB FUP Monthly Unlimited,5G Broadband Router,368000,186.84,Yes,0.3511513611251894,0.2600806451612903,Low,full-data fit; exploratory only
CUST0249,66,Kano,Female,11,120GB Monthly Broadband Plan,5G Broadband Router,324200,271.64,No,0.30218177598834506,0.1814516129032258,Low,full-data fit; exploratory only
CUST0250,26,Abia,Male,48,10GB+10mins Monthly Plan,4G Router,582500,317.28999999999996,No,0.3362423667478431,0.2318548387096774,Low,full-data fit; exploratory only
CUST0251,25,Cross River,Male,17,300GB FUP Monthly Unlimited,4G Router,288000,191.79999999999998,No,0.6002970926993506,0.7580645161290323,High,full-data fit; exploratory only
CUST0252,56,Yobe,Female,22,10GB+10mins Monthly Plan,5G Broadband Router,303000,144.04000000000002,Yes,0.4117829730400909,0.36693548387096775,Low,full-data fit; exploratory only
CUST0253,62,Borno,Female,57,150GB FUP Monthly Unlimited,5G Broadband Router,120000,204.01,No,0.2565522108499271,0.125,Low,full-data fit; exploratory only
CUST0254,41,Edo,Male,47,120GB Monthly Broadband Plan,4G Router,655000,282.82,No,0.7969769354262518,0.9737903225806451,Critical,full-data fit; exploratory only
CUST0255,66,Osun,Female,9,1.5GB 2-Day Plan,5G Broadband Router,183000,284.26,No,0.23640077651643157,0.10483870967741936,Low,full-data fit; exploratory only
CUST0256,36,Enugu,Male,48,150GB FUP Monthly Unlimited,4G Router,258000,178.01999999999998,Yes,0.4905383507807629,0.5262096774193549,Medium,full-data fit; exploratory only
CUST0257,76,Sokoto,Male,3,25GB Monthly Plan,4G Router,472500,268.96,No,0.3519493665363462,0.2620967741935484,Low,full-data fit; exploratory only
CUST0258,67,Ekiti,Female,32,150GB FUP Monthly Unlimited,Broadband MiFi,264000,133.62,Yes,0.4148636635766582,0.37298387096774194,Low,full-data fit; exploratory only
CUST0259,31,Osun,Female,52,1.5GB 2-Day Plan,Broadband MiFi,53400,178.74,No,0.33453872209820595,0.22983870967741934,Low,full-data fit; exploratory only
CUST0260,33,Zamfara,Male,58,1.5TB Yearly Broadband Plan,5G Broadband Router,2606500,345.51,Yes,0.6744513375268515,0.875,High,full-data fit; exploratory only
CUST0261,39,Zamfara,Female,11,165GB Monthly Plan,4G Router,140000,77.4,No,0.34619176295828424,0.24798387096774194,Low,full-data fit; exploratory only
CUST0262,41,Bauchi,Female,53,30GB Monthly Broadband Plan,5G Broadband Router,184000,360.59,Yes,0.5029029860599528,0.5665322580645161,Medium,full-data fit; exploratory only
CUST0263,70,Osun,Female,51,20GB Monthly Plan,4G Router,535500,204.63,No,0.4267338883086754,0.41330645161290325,Low,full-data fit; exploratory only
CUST0264,31,Bauchi,Male,25,165GB Monthly Plan,Mobile SIM Card,315000,130.49,No,0.20528980574009667,0.06451612903225806,Low,full-data fit; exploratory only
CUST0265,70,Gombe,Female,44,10GB+10mins Monthly Plan,4G Router,466500,398.01,No,0.5033731790851136,0.5685483870967742,Medium,full-data fit; exploratory only
CUST0266,73,Abuja (FCT),Male,14,12.5GB Monthly Plan,4G Router,250000,359.46,No,0.626699236078199,0.8004032258064516,High,full-data fit; exploratory only
CUST0267,26,Rivers,Female,60,16.5GB+10mins Monthly Plan,Broadband MiFi,114500,145.63,No,0.5193035753137646,0.6028225806451613,Medium,full-data fit; exploratory only
CUST0268,45,Abuja (FCT),Male,24,450GB 3-Month Broadband Plan,5G Broadband Router,975000,70.95,No,0.24820881363378233,0.11693548387096774,Low,full-data fit; exploratory only
CUST0269,41,Bauchi,Male,48,165GB Monthly Plan,4G Router,779100,360.03999999999996,No,0.3342588245119716,0.22782258064516128,Low,full-data fit; exploratory only
CUST0270,29,Kaduna,Female,22,165GB Monthly Plan,Mobile SIM Card,687500,484.48,No,0.2916130567954591,0.1592741935483871,Low,full-data fit; exploratory only
CUST0271,30,Edo,Male,25,30GB Monthly Broadband Plan,5G Broadband Router,85550,198.12,No,0.39960496529874207,0.34475806451612906,Low,full-data fit; exploratory only
CUST0272,25,Enugu,Female,21,10GB+10mins Monthly Plan,5G Broadband Router,162000,247.26999999999998,No,0.31579251675351616,0.1975806451612903,Low,full-data fit; exploratory only
CUST0273,45,Benue,Male,54,60GB Monthly Broadband Plan,Broadband MiFi,261000,122.96,No,0.4904111261042224,0.5241935483870968,Medium,full-data fit; exploratory only
CUST0274,77,Gombe,Female,32,120GB Monthly Broadband Plan,5G Broadband Router,634000,269.04,Yes,0.3602415017881213,0.27419354838709675,Low,full-data fit; exploratory only
CUST0275,31,Bauchi,Female,21,10GB+10mins Monthly Plan,Broadband MiFi,306000,232.69,No,0.2054482688593017,0.06653225806451613,Low,full-data fit; exploratory only
CUST0276,76,Bayelsa,Female,12,10GB+10mins Monthly Plan,4G Router,492000,286.28000000000003,Yes,0.31566559779636055,0.19556451612903225,Low,full-data fit; exploratory only
CUST0277,50,Imo,Female,55,2.5GB 2-Day Plan,Mobile SIM Card,14400,35.73,Yes,0.8404433254823276,0.9939516129032258,Critical,full-data fit; exploratory only
CUST0278,56,Yobe,Female,17,25GB Monthly Plan,4G Router,36000,95.57,Yes,0.6914338388249867,0.907258064516129,Critical,full-data fit; exploratory only
CUST0279,58,Edo,Female,24,10GB+10mins Monthly Plan,5G Broadband Router,470000,261.24,Yes,0.4299439938262967,0.42338709677419356,Low,full-data fit; exploratory only
CUST0280,73,Katsina,Female,40,25GB Monthly Plan,4G Router,180000,84.65,No,0.43486986191484994,0.4334677419354839,Low,full-data fit; exploratory only
CUST0281,25,Katsina,Male,22,450GB 3-Month Broadband Plan,5G Broadband Router,1184500,204.32,No,0.3990896585669951,0.34274193548387094,Low,full-data fit; exploratory only
CUST0282,68,Abuja (FCT),Male,55,120GB Monthly Broadband Plan,5G Broadband Router,386000,58.269999999999996,No,0.23393961726600143,0.0967741935483871,Low,full-data fit; exploratory only
CUST0283,26,Anambra,Female,40,150GB FUP Monthly Unlimited,5G Broadband Router,337500,174.34,No,0.6153768645326941,0.7862903225806451,High,full-data fit; exploratory only
CUST0284,20,Ekiti,Female,56,1.5GB 2-Day Plan,4G Router,1179000,417.22,No,0.5595489121962216,0.6854838709677419,Medium,full-data fit; exploratory only
CUST0285,60,Taraba,Male,52,120GB Monthly Broadband Plan,5G Broadband Router,728000,71.72,No,0.22961758785380673,0.09475806451612903,Low,full-data fit; exploratory only
CUST0286,17,Yobe,Female,20,10GB+10mins Monthly Plan,4G Router,114000,161.89,No,0.5403437879917269,0.6471774193548387,Medium,full-data fit; exploratory only
CUST0287,64,Osun,Female,6,10GB+10mins Monthly Plan,4G Router,292500,189.51,No,0.21989393706716684,0.08266129032258064,Low,full-data fit; exploratory only
CUST0288,40,Niger,Male,10,1.5TB Yearly Broadband Plan,5G Broadband Router,1344000,176.12,Yes,0.4828585408493887,0.5080645161290323,Medium,full-data fit; exploratory only
CUST0289,59,Kogi,Female,51,150GB FUP Monthly Unlimited,5G Broadband Router,100000,168.79,No,0.35003302909161743,0.25806451612903225,Low,full-data fit; exploratory only
CUST0290,50,Kebbi,Male,35,3.2GB 2-Day Plan,Broadband MiFi,225500,349.29,Yes,0.7899955572342058,0.967741935483871,Critical,full-data fit; exploratory only
CUST0291,20,Benue,Female,48,20GB Monthly Plan,Mobile SIM Card,75000,136.45,No,0.7483984031381633,0.9455645161290323,Critical,full-data fit; exploratory only
CUST0292,36,Rivers,Male,17,165GB Monthly Plan,4G Router,629000,184.67,Yes,0.39204306868700456,0.3326612903225806,Low,full-data fit; exploratory only
CUST0293,35,Gombe,Male,16,3.2GB 2-Day Plan,Broadband MiFi,548000,154.69,Yes,0.5846473108990403,0.7338709677419355,Medium,full-data fit; exploratory only
CUST0294,60,Nasarawa,Male,2,165GB Monthly Plan,4G Router,471000,150.39,No,0.4059523953623433,0.3528225806451613,Low,full-data fit; exploratory only
CUST0295,60,Niger,Female,18,165GB Monthly Plan,4G Router,460000,237.95000000000002,No,0.6543107213599151,0.8407258064516129,High,full-data fit; exploratory only
CUST0296,46,Niger,Male,43,150GB FUP Monthly Unlimited,4G Router,159000,84.56,No,0.6550598422402756,0.842741935483871,High,full-data fit; exploratory only
CUST0297,32,Enugu,Male,13,120GB Monthly Broadband Plan,4G Router,427500,138.38,Yes,0.2232175370220741,0.0846774193548387,Low,full-data fit; exploratory only
CUST0298,26,Sokoto,Male,24,30GB Monthly Broadband Plan,5G Broadband Router,90000,146.99,No,0.2373388435525885,0.10685483870967742,Low,full-data fit; exploratory only
CUST0299,43,Bauchi,Male,7,10GB+10mins Monthly Plan,4G Router,81000,111.91,No,0.1544835516422755,0.024193548387096774,Low,full-data fit; exploratory only
CUST0300,29,Ekiti,Female,45,1.5GB 2-Day Plan,4G Router,1788000,462.8,Yes,0.6739788668961285,0.8709677419354839,High,full-data fit; exploratory only
CUST0301,57,Imo,Male,25,2.5GB 2-Day Plan,Broadband MiFi,108000,300.36,No,0.7068792508105322,0.9173387096774194,Critical,full-data fit; exploratory only
CUST0302,54,Osun,Male,55,1.5GB 2-Day Plan,5G Broadband Router,463200,86.49000000000001,No,0.15466277253724903,0.02620967741935484,Low,full-data fit; exploratory only
CUST0303,27,Kebbi,Male,47,3.2GB 2-Day Plan,Mobile SIM Card,10000,119.25,No,0.8420502258066186,0.9959677419354839,Critical,full-data fit; exploratory only
CUST0304,64,Katsina,Male,59,30GB Monthly Broadband Plan,Broadband MiFi,124000,276.62,No,0.24300476488782458,0.11290322580645161,Low,full-data fit; exploratory only
CUST0305,55,Bauchi,Male,21,65GB Monthly Plan,Mobile SIM Card,208000,134.89,No,0.43156240239504196,0.4274193548387097,Low,full-data fit; exploratory only
CUST0306,80,Katsina,Male,28,2.5GB 2-Day Plan,Mobile SIM Card,8100,109.86,Yes,0.6079569144411445,0.780241935483871,High,full-data fit; exploratory only
CUST0307,67,Zamfara,Female,50,20GB Monthly Plan,Mobile SIM Card,52500,130.62,No,0.5530926275397885,0.6713709677419355,Medium,full-data fit; exploratory only
CUST0308,47,Imo,Male,18,25GB Monthly Plan,4G Router,213000,176.87,No,0.6527482029857578,0.8346774193548387,High,full-data fit; exploratory only
CUST0309,34,Nasarawa,Male,60,30GB Monthly Broadband Plan,Broadband MiFi,72000,148.05,No,0.38048972302279555,0.31048387096774194,Low,full-data fit; exploratory only
CUST0310,52,Lagos,Female,45,60GB Monthly Broadband Plan,5G Broadband Router,101500,148.13,No,0.46334141869028406,0.48588709677419356,Low,full-data fit; exploratory only
CUST0311,49,Taraba,Male,45,25GB Monthly Plan,4G Router,198000,146.28,No,0.36252886749536783,0.28024193548387094,Low,full-data fit; exploratory only
CUST0312,29,Kano,Female,56,10GB+10mins Monthly Plan,4G Router,364500,215.35999999999999,No,0.3664243172375997,0.28225806451612906,Low,full-data fit; exploratory only
CUST0313,58,Yobe,Female,48,120GB Monthly Broadband Plan,5G Broadband Router,412500,210.09,No,0.49531118234675986,0.5443548387096774,Medium,full-data fit; exploratory only
CUST0314,19,Akwa Ibom,Male,10,500MB Daily Plan,Mobile SIM Card,6650,83.76,No,0.6839169839790271,0.8971774193548387,High,full-data fit; exploratory only
CUST0315,70,Abia,Female,29,10GB+10mins Monthly Plan,4G Router,290500,381.45000000000005,No,0.5076311931369109,0.5806451612903226,Medium,full-data fit; exploratory only
CUST0316,56,Plateau,Male,49,150GB FUP Monthly Unlimited,5G Broadband Router,23500,57.56,No,0.2941694668589158,0.16330645161290322,Low,full-data fit; exploratory only
CUST0317,45,Osun,Male,44,165GB Monthly Plan,4G Router,900000,313.05,Yes,0.37657786359814294,0.3004032258064516,Low,full-data fit; exploratory only
CUST0318,33,Abuja (FCT),Male,15,450GB 3-Month Broadband Plan,5G Broadband Router,525000,44.9,No,0.18746471772062978,0.05040322580645161,Low,full-data fit; exploratory only
CUST0319,24,Enugu,Female,56,20GB Monthly Plan,Mobile SIM Card,150000,155.35,No,0.5180715846052245,0.5987903225806451,Medium,full-data fit; exploratory only
CUST0320,56,Kebbi,Male,34,165GB Monthly Plan,4G Router,70000,196.77,No,0.5203461673306746,0.6048387096774194,Medium,full-data fit; exploratory only
CUST0321,22,Benue,Female,29,120GB Monthly Broadband Plan,Broadband MiFi,375000,240.02,No,0.543708105409673,0.655241935483871,Medium,full-data fit; exploratory only
CUST0322,27,Zamfara,Male,12,12.5GB Monthly Plan,Broadband MiFi,162000,136.76,No,0.4101882866933731,0.36088709677419356,Low,full-data fit; exploratory only
CUST0323,31,Katsina,Male,46,165GB Monthly Plan,4G Router,227500,122.58,Yes,0.4997547169895315,0.5524193548387096,Medium,full-data fit; exploratory only
CUST0324,34,Enugu,Male,27,300GB FUP Monthly Unlimited,5G Broadband Router,153150,25.15,No,0.4732352592051033,0.4939516129032258,Low,full-data fit; exploratory only
CUST0325,74,Yobe,Female,35,165GB Monthly Plan,4G Router,525000,91.02,No,0.5856038805233585,0.7358870967741935,Medium,full-data fit; exploratory only
CUST0326,16,Imo,Female,40,2.5GB 2-Day Plan,Mobile SIM Card,18000,133.57,Yes,0.821110920742753,0.9899193548387096,Critical,full-data fit; exploratory only
CUST0327,58,Katsina,Male,7,150GB FUP Monthly Unlimited,4G Router,565500,244.92000000000002,Yes,0.37918944939340893,0.3084677419354839,Low,full-data fit; exploratory only
CUST0328,53,Taraba,Male,8,150GB FUP Monthly Unlimited,4G Router,1002000,205.0,No,0.3859214468334203,0.32056451612903225,Low,full-data fit; exploratory only
CUST0329,61,Borno,Female,34,1.5TB Yearly Broadband Plan,4G Router,609400,286.11,No,0.3332616780129345,0.22580645161290322,Low,full-data fit; exploratory only
CUST0330,21,Bayelsa,Female,36,120GB Monthly Broadband Plan,4G Router,1038000,282.53,No,0.4420926029381103,0.4435483870967742,Low,full-data fit; exploratory only
CUST0331,38,Benue,Female,54,165GB Monthly Plan,4G Router,525000,31.5,No,0.6067284940592956,0.7741935483870968,High,full-data fit; exploratory only
CUST0332,58,Sokoto,Female,60,300GB FUP Monthly Unlimited,5G Broadband Router,507000,297.63,Yes,0.6136393267583217,0.7842741935483871,High,full-data fit; exploratory only
CUST0333,37,Jigawa,Male,39,25GB Monthly Plan,4G Router,206000,108.47999999999999,No,0.4671879725143138,0.4879032258064516,Low,full-data fit; exploratory only
CUST0334,54,Enugu,Male,24,120GB Monthly Broadband Plan,4G Router,859000,177.86,No,0.29197217533092346,0.16129032258064516,Low,full-data fit; exploratory only
CUST0335,57,Plateau,Male,53,16.5GB+10mins Monthly Plan,5G Broadband Router,245000,161.18,No,0.18627237917058695,0.046370967741935484,Low,full-data fit; exploratory only
CUST0336,58,Sokoto,Male,7,10GB+10mins Monthly Plan,4G Router,138000,103.08,No,0.20837068183533716,0.07056451612903226,Low,full-data fit; exploratory only
CUST0337,50,Plateau,Male,18,120GB Monthly Broadband Plan,4G Router,299000,241.69,No,0.21565652338276856,0.07862903225806452,Low,full-data fit; exploratory only
CUST0338,72,Oyo,Male,2,20GB Monthly Plan,Mobile SIM Card,150000,36.21,Yes,0.4683334289028306,0.49193548387096775,Low,full-data fit; exploratory only
CUST0339,61,Abia,Female,53,165GB Monthly Plan,4G Router,466000,114.27000000000001,Yes,0.5303003623177507,0.6290322580645161,Medium,full-data fit; exploratory only
CUST0340,49,Gombe,Female,12,60GB Monthly Broadband Plan,Broadband MiFi,232000,23.02,No,0.41502545002847924,0.375,Low,full-data fit; exploratory only
CUST0341,37,Cross River,Female,39,16.5GB+10mins Monthly Plan,4G Router,774000,187.1,Yes,0.43792622863354386,0.4415322580645161,Low,full-data fit; exploratory only
CUST0342,24,Bayelsa,Male,53,60GB Monthly Broadband Plan,4G Router,594000,171.31,No,0.36056906821593837,0.2782258064516129,Low,full-data fit; exploratory only
CUST0343,57,Anambra,Female,12,1.5TB Yearly Broadband Plan,4G Router,2034500,276.59,Yes,0.7271380175883607,0.9294354838709677,Critical,full-data fit; exploratory only
CUST0344,41,Ondo,Female,20,30GB Monthly Broadband Plan,5G Broadband Router,903000,292.09,No,0.1920458927629212,0.05443548387096774,Low,full-data fit; exploratory only
CUST0345,63,Oyo,Male,46,165GB Monthly Plan,4G Router,455000,140.59,No,0.43018008483992753,0.4254032258064516,Low,full-data fit; exploratory only
CUST0346,64,Kebbi,Female,28,7GB Monthly Plan,Mobile SIM Card,17500,168.07,No,0.6735130538080173,0.8689516129032258,High,full-data fit; exploratory only
CUST0347,32,Borno,Male,5,3.2GB 2-Day Plan,Broadband MiFi,304000,206.65,No,0.3002483350722527,0.1774193548387097,Low,full-data fit; exploratory only
CUST0348,39,Sokoto,Female,36,2.5GB 2-Day Plan,Mobile SIM Card,7200,115.8,No,0.6651230720165248,0.8588709677419355,High,full-data fit; exploratory only
CUST0349,50,Kogi,Female,3,300GB FUP Monthly Unlimited,5G Broadband Router,553500,338.53999999999996,No,0.5292630425306,0.6270161290322581,Medium,full-data fit; exploratory only
CUST0350,75,Bauchi,Male,34,120GB Monthly Broadband Plan,4G Router,802000,220.08,No,0.16376438492551998,0.034274193548387094,Low,full-data fit; exploratory only
CUST0351,61,Cross River,Female,11,120GB Monthly Broadband Plan,4G Router,732000,146.54000000000002,No,0.2973301396061933,0.17137096774193547,Low,full-data fit; exploratory only
CUST0352,48,Borno,Female,18,120GB Monthly Broadband Plan,4G Router,648500,267.45,No,0.23441607672412115,0.09879032258064516,Low,full-data fit; exploratory only
CUST0353,59,Katsina,Male,39,12.5GB Monthly Plan,Broadband MiFi,273000,261.1,No,0.5213802844855825,0.6068548387096774,Medium,full-data fit; exploratory only
CUST0354,49,Delta,Male,11,16.5GB+10mins Monthly Plan,4G Router,181500,269.3,No,0.4226943918341105,0.3951612903225806,Low,full-data fit; exploratory only
CUST0355,73,Jigawa,Female,34,12.5GB Monthly Plan,4G Router,261000,340.21000000000004,No,0.6553157460390768,0.844758064516129,High,full-data fit; exploratory only
CUST0356,59,Enugu,Female,36,3.2GB 2-Day Plan,Mobile SIM Card,15000,105.29,No,0.6383370074458111,0.8185483870967742,High,full-data fit; exploratory only
CUST0357,44,Cross River,Female,13,65GB Monthly Plan,4G Router,64000,141.76,No,0.6828637685976604,0.8931451612903226,High,full-data fit; exploratory only
CUST0358,32,Jigawa,Male,58,120GB Monthly Broadband Plan,4G Router,519000,342.33000000000004,Yes,0.49644226237687017,0.5463709677419355,Medium,full-data fit; exploratory only
CUST0359,58,Oyo,Female,53,150GB FUP Monthly Unlimited,4G Router,840000,65.3,No,0.5587723175531822,0.6834677419354839,Medium,full-data fit; exploratory only
CUST0360,29,Nasarawa,Female,7,12.5GB Monthly Plan,Broadband MiFi,86500,163.29,Yes,0.6300129090706721,0.8044354838709677,High,full-data fit; exploratory only
CUST0361,58,Kebbi,Male,33,150GB FUP Monthly Unlimited,5G Broadband Router,429500,327.39,No,0.5244202836380156,0.6149193548387096,Medium,full-data fit; exploratory only
CUST0362,27,Gombe,Female,6,60GB Monthly Broadband Plan,Broadband MiFi,145000,132.32,No,0.4507410959703994,0.4637096774193548,Low,full-data fit; exploratory only
CUST0363,29,Ekiti,Female,6,165GB Monthly Plan,4G Router,630000,78.06,Yes,0.3904593610235071,0.33064516129032256,Low,full-data fit; exploratory only
CUST0364,79,Adamawa,Female,2,1.5GB 2-Day Plan,4G Router,974800,497.91,Yes,0.7997536340551815,0.9778225806451613,Critical,full-data fit; exploratory only
CUST0365,20,Plateau,Female,42,1.5TB Yearly Broadband Plan,5G Broadband Router,2870000,321.54,No,0.550944114701806,0.6633064516129032,Medium,full-data fit; exploratory only
CUST0366,29,Delta,Female,39,16.5GB+10mins Monthly Plan,5G Broadband Router,1470500,93.08000000000001,No,0.42625546655826224,0.40725806451612906,Low,full-data fit; exploratory only
CUST0367,38,Bayelsa,Male,8,300GB FUP Monthly Unlimited,5G Broadband Router,570000,88.01,No,0.4253008372416865,0.4032258064516129,Low,full-data fit; exploratory only
CUST0368,33,Anambra,Female,50,30GB Monthly Broadband Plan,Broadband MiFi,27000,36.29,No,0.5819934636791867,0.7278225806451613,Medium,full-data fit; exploratory only
CUST0369,69,Taraba,Male,14,120GB Monthly Broadband Plan,4G Router,496000,309.54,No,0.3470344873955786,0.2540322580645161,Low,full-data fit; exploratory only
CUST0370,69,Lagos,Male,13,1.5TB Yearly Broadband Plan,5G Broadband Router,1372000,302.48,No,0.449015719746118,0.4576612903225806,Low,full-data fit; exploratory only
CUST0371,38,Abuja (FCT),Male,4,150GB FUP Monthly Unlimited,Broadband MiFi,38000,180.24,Yes,0.4917439098876334,0.530241935483871,Medium,full-data fit; exploratory only
CUST0372,30,Kaduna,Male,47,200GB Monthly Broadband Plan,4G Router,236000,92.34,No,0.5215291016545179,0.6088709677419355,Medium,full-data fit; exploratory only
CUST0373,41,Jigawa,Male,5,150GB FUP Monthly Unlimited,4G Router,560000,127.84,No,0.46120611688259094,0.4838709677419355,Low,full-data fit; exploratory only
CUST0374,50,Benue,Female,9,12.5GB Monthly Plan,Mobile SIM Card,60500,83.94,Yes,0.7010317324896509,0.9112903225806451,Critical,full-data fit; exploratory only
CUST0375,53,Abuja (FCT),Male,37,10GB+10mins Monthly Plan,4G Router,442500,284.54999999999995,No,0.29697088919809084,0.1693548387096774,Low,full-data fit; exploratory only
CUST0376,16,Kogi,Male,3,3.2GB 2-Day Plan,Mobile SIM Card,8000,90.76,Yes,0.6072926895820545,0.7762096774193549,High,full-data fit; exploratory only
CUST0377,17,Kogi,Male,9,1GB+1.5mins Daily Plan,Mobile SIM Card,7500,32.78,Yes,0.5789592690720182,0.7258064516129032,Medium,full-data fit; exploratory only
CUST0378,74,Sokoto,Male,56,2.5GB 2-Day Plan,5G Broadband Router,827700,350.89,No,0.44945330744687517,0.4596774193548387,Low,full-data fit; exploratory only
CUST0379,20,Cross River,Female,49,120GB Monthly Broadband Plan,Broadband MiFi,48000,176.23,No,0.321626908759285,0.2056451612903226,Low,full-data fit; exploratory only
CUST0380,62,Oyo,Male,25,150GB FUP Monthly Unlimited,5G Broadband Router,300000,308.63,No,0.7379467977978376,0.9334677419354839,Critical,full-data fit; exploratory only
CUST0381,30,Taraba,Male,49,165GB Monthly Plan,4G Router,605800,110.64,No,0.45015271154124403,0.46169354838709675,Low,full-data fit; exploratory only
CUST0382,76,Adamawa,Female,29,60GB Monthly Broadband Plan,Broadband MiFi,145000,179.64,Yes,0.6865259881245701,0.9012096774193549,Critical,full-data fit; exploratory only
CUST0383,29,Abuja (FCT),Female,8,120GB Monthly Broadband Plan,4G Router,417000,308.91999999999996,Yes,0.7938107271761254,0.9717741935483871,Critical,full-data fit; exploratory only
CUST0384,58,Kogi,Female,42,1.5GB 2-Day Plan,4G Router,1542000,412.36,No,0.5564260305018491,0.6794354838709677,Medium,full-data fit; exploratory only
CUST0385,34,Ekiti,Female,30,1.5GB 2-Day Plan,5G Broadband Router,298200,319.89,No,0.32996696150143656,0.21975806451612903,Low,full-data fit; exploratory only
CUST0386,42,Rivers,Female,23,150GB FUP Monthly Unlimited,5G Broadband Router,260000,184.13,No,0.35326683634977435,0.26411290322580644,Low,full-data fit; exploratory only
CUST0387,34,Sokoto,Female,10,10GB+10mins Monthly Plan,4G Router,523500,353.96000000000004,No,0.3241532190231867,0.21169354838709678,Low,full-data fit; exploratory only
CUST0388,30,Taraba,Male,9,7GB Monthly Plan,Mobile SIM Card,7000,18.95,Yes,0.5000100371129388,0.5544354838709677,Medium,full-data fit; exploratory only
CUST0389,44,Akwa Ibom,Male,2,150GB FUP Monthly Unlimited,4G Router,998000,310.11,No,0.590892372010224,0.7439516129032258,Medium,full-data fit; exploratory only
CUST0390,65,Gombe,Male,19,12.5GB Monthly Plan,Broadband MiFi,280000,206.51,No,0.42823624055352455,0.4173387096774194,Low,full-data fit; exploratory only
CUST0391,33,Katsina,Male,14,10GB+10mins Monthly Plan,4G Router,456000,77.46000000000001,No,0.20459265000645024,0.0625,Low,full-data fit; exploratory only
CUST0392,78,Rivers,Female,54,60GB Monthly Broadband Plan,4G Router,305000,56.5,No,0.3887360595207565,0.3225806451612903,Low,full-data fit; exploratory only
CUST0393,38,Yobe,Male,2,1.5TB Yearly Broadband Plan,5G Broadband Router,1350000,113.33,No,0.08075048140500748,0.008064516129032258,Low,full-data fit; exploratory only
CUST0394,31,Gombe,Male,55,1.5TB Yearly Broadband Plan,5G Broadband Router,750000,175.72,No,0.031608466435565724,0.004032258064516129,Low,full-data fit; exploratory only
CUST0395,36,Oyo,Female,24,150GB FUP Monthly Unlimited,5G Broadband Router,736000,316.69,Yes,0.501143381847663,0.5584677419354839,Medium,full-data fit; exploratory only
CUST0396,61,Plateau,Male,9,150GB FUP Monthly Unlimited,5G Broadband Router,700000,210.37,No,0.39626255137058436,0.33669354838709675,Low,full-data fit; exploratory only
CUST0397,30,Kogi,Female,59,7GB Monthly Plan,Mobile SIM Card,42000,62.66,No,0.41876313092078005,0.38306451612903225,Low,full-data fit; exploratory only
CUST0398,72,Bauchi,Female,12,10GB+10mins Monthly Plan,4G Router,22500,171.43,No,0.24037536240205593,0.10887096774193548,Low,full-data fit; exploratory only
CUST0399,55,Borno,Male,9,30GB Monthly Broadband Plan,Broadband MiFi,126000,155.05,No,0.12458111049624415,0.016129032258064516,Low,full-data fit; exploratory only
CUST0400,41,Anambra,Male,51,300GB FUP Monthly Unlimited,Broadband MiFi,120000,133.68,Yes,0.6630010472953497,0.8568548387096774,High,full-data fit; exploratory only
CUST0401,42,Benue,Male,43,200GB Monthly Broadband Plan,4G Router,442050,297.77,Yes,0.791952833995831,0.969758064516129,Critical,full-data fit; exploratory only
CUST0402,43,Benue,Female,11,10GB+10mins Monthly Plan,4G Router,196500,345.15,No,0.5517540714847419,0.6693548387096774,Medium,full-data fit; exploratory only
CUST0403,30,Niger,Male,30,3.2GB 2-Day Plan,5G Broadband Router,159000,94.17,Yes,0.6184125708209631,0.7923387096774194,High,full-data fit; exploratory only
CUST0404,72,Osun,Female,19,30GB Monthly Broadband Plan,5G Broadband Router,297000,279.33,No,0.33238573008670774,0.22379032258064516,Low,full-data fit; exploratory only
CUST0405,31,Plateau,Female,26,1.5TB Yearly Broadband Plan,4G Router,3340000,81.05,Yes,0.5717766954133088,0.7157258064516129,Medium,full-data fit; exploratory only
CUST0406,67,Ekiti,Female,43,3.2GB 2-Day Plan,Mobile SIM Card,16000,24.88,No,0.6449315938904724,0.8245967741935484,High,full-data fit; exploratory only
CUST0407,45,Borno,Male,7,165GB Monthly Plan,4G Router,385000,121.11,No,0.18971978308864626,0.05241935483870968,Low,full-data fit; exploratory only
CUST0408,54,Anambra,Male,43,1GB+1.5mins Daily Plan,5G Broadband Router,27000,299.26,Yes,0.7514029699958825,0.9516129032258065,Critical,full-data fit; exploratory only
CUST0409,31,Jigawa,Female,21,25GB Monthly Plan,4G Router,54000,177.0,No,0.5663695752073028,0.6995967741935484,Medium,full-data fit; exploratory only
CUST0410,71,Borno,Female,46,12.5GB Monthly Plan,4G Router,597000,314.83,No,0.40816679264214506,0.35685483870967744,Low,full-data fit; exploratory only
CUST0411,57,Oyo,Male,38,200GB Monthly Broadband Plan,5G Broadband Router,770000,274.81,No,0.603187713017401,0.7701612903225806,High,full-data fit; exploratory only
CUST0412,23,Imo,Male,16,150GB FUP Monthly Unlimited,5G Broadband Router,20000,67.85,Yes,0.648220786722275,0.8286290322580645,High,full-data fit; exploratory only
CUST0413,57,Rivers,Female,43,1.5TB Yearly Broadband Plan,5G Broadband Router,1809500,232.09,No,0.38945039928854225,0.32661290322580644,Low,full-data fit; exploratory only
CUST0414,78,Anambra,Male,22,10GB+10mins Monthly Plan,4G Router,227500,379.0,No,0.5558310437538164,0.6754032258064516,Medium,full-data fit; exploratory only
CUST0415,67,Osun,Male,46,20GB Monthly Plan,Mobile SIM Card,22500,42.34,No,0.4466370943887919,0.4536290322580645,Low,full-data fit; exploratory only
CUST0416,80,Abia,Female,43,16.5GB+10mins Monthly Plan,5G Broadband Router,216500,152.11,No,0.44665729127135606,0.45564516129032256,Low,full-data fit; exploratory only
CUST0417,50,Adamawa,Female,60,10GB+10mins Monthly Plan,4G Router,45000,149.41,Yes,0.7343735775694673,0.9314516129032258,Critical,full-data fit; exploratory only
CUST0418,68,Niger,Male,41,165GB Monthly Plan,4G Router,381500,151.44,Yes,0.5357747793167154,0.6370967741935484,Medium,full-data fit; exploratory only
CUST0419,20,Benue,Male,18,30GB Monthly Broadband Plan,4G Router,283000,204.32,Yes,0.4883658076238237,0.5221774193548387,Medium,full-data fit; exploratory only
CUST0420,54,Kaduna,Female,58,120GB Monthly Broadband Plan,4G Router,535500,275.53,No,0.3186249480990966,0.20161290322580644,Low,full-data fit; exploratory only
CUST0421,65,Imo,Female,14,2.5GB 2-Day Plan,4G Router,234800,161.97,Yes,0.7781761690394831,0.9616935483870968,Critical,full-data fit; exploratory only
CUST0422,47,Akwa Ibom,Male,24,30GB Monthly Broadband Plan,Broadband MiFi,72000,138.29,No,0.4228830923417803,0.3971774193548387,Low,full-data fit; exploratory only
CUST0423,65,Abia,Female,58,20GB Monthly Plan,Broadband MiFi,307500,204.04,No,0.5839763477003852,0.7318548387096774,Medium,full-data fit; exploratory only
CUST0424,42,Abuja (FCT),Female,41,165GB Monthly Plan,4G Router,299500,322.93,No,0.6740849316742943,0.8729838709677419,High,full-data fit; exploratory only
CUST0425,49,Zamfara,Male,23,30GB Monthly Broadband Plan,4G Router,319000,367.19,No,0.6106325729218776,0.782258064516129,High,full-data fit; exploratory only
CUST0426,26,Delta,Male,16,1.5GB 2-Day Plan,4G Router,74400,212.51999999999998,No,0.34582487822096686,0.24596774193548387,Low,full-data fit; exploratory only
CUST0427,69,Gombe,Male,26,10GB+10mins Monthly Plan,4G Router,159000,163.51999999999998,Yes,0.24131698964388482,0.11088709677419355,Low,full-data fit; exploratory only
CUST0428,31,Lagos,Female,50,25GB Monthly Plan,4G Router,144000,57.95,Yes,0.554212279947444,0.6733870967741935,Medium,full-data fit; exploratory only
CUST0429,32,Kwara,Male,39,1.5GB 2-Day Plan,Mobile SIM Card,3000,82.0,No,0.6356830933506218,0.8125,High,full-data fit; exploratory only
CUST0430,53,Edo,Male,40,12.5GB Monthly Plan,5G Broadband Router,924000,311.95,No,0.6515436572480725,0.8306451612903226,High,full-data fit; exploratory only
CUST0431,28,Oyo,Male,22,120GB Monthly Broadband Plan,4G Router,421500,374.85,No,0.5216390652814689,0.6108870967741935,Medium,full-data fit; exploratory only
CUST0432,80,Yobe,Female,57,25GB Monthly Plan,4G Router,225500,422.68,Yes,0.7496156353792124,0.9475806451612904,Critical,full-data fit; exploratory only
CUST0433,49,Bauchi,Female,28,165GB Monthly Plan,4G Router,193000,57.48,No,0.28988443921609913,0.15524193548387097,Low,full-data fit; exploratory only
CUST0434,49,Abuja (FCT),Female,28,120GB Monthly Broadband Plan,4G Router,261000,276.03000000000003,Yes,0.561928330265779,0.6915322580645161,Medium,full-data fit; exploratory only
CUST0435,50,Ondo,Male,34,3.2GB 2-Day Plan,Mobile SIM Card,1000,177.53,No,0.5909385102666451,0.7459677419354839,Medium,full-data fit; exploratory only
CUST0436,31,Kebbi,Female,38,1GB+1.5mins Daily Plan,4G Router,180500,313.01,Yes,0.8832339135115145,1.0,Critical,full-data fit; exploratory only
CUST0437,57,Borno,Male,56,120GB Monthly Broadband Plan,Broadband MiFi,312000,190.4,No,0.14125967979474283,0.020161290322580645,Low,full-data fit; exploratory only
CUST0438,67,Edo,Male,16,20GB Monthly Plan,Mobile SIM Card,37500,57.34,Yes,0.68527768728236,0.8991935483870968,High,full-data fit; exploratory only
CUST0439,54,Yobe,Female,48,60GB Monthly Broadband Plan,5G Broadband Router,188500,98.18,Yes,0.5771530286408757,0.7217741935483871,Medium,full-data fit; exploratory only
CUST0440,50,Kwara,Male,49,150GB FUP Monthly Unlimited,Broadband MiFi,113500,232.60999999999999,No,0.5604529052213387,0.6875,Medium,full-data fit; exploratory only
CUST0441,26,Cross River,Female,28,60GB Monthly Broadband Plan,5G Broadband Router,145000,104.86,No,0.37629718638372095,0.29838709677419356,Low,full-data fit; exploratory only
CUST0442,25,Rivers,Male,33,1.5GB 2-Day Plan,4G Router,267800,459.41999999999996,Yes,0.48486954204128874,0.5120967741935484,Medium,full-data fit; exploratory only
CUST0443,26,Kogi,Female,21,300GB FUP Monthly Unlimited,5G Broadband Router,410000,211.81,No,0.5020575441821745,0.5604838709677419,Medium,full-data fit; exploratory only
CUST0444,18,Lagos,Female,8,16.5GB+10mins Monthly Plan,Mobile SIM Card,130000,60.91,No,0.50961793900425,0.5826612903225806,Medium,full-data fit; exploratory only
CUST0445,66,Abia,Male,9,65GB Monthly Plan,4G Router,80000,42.24,Yes,0.6869447818714558,0.9032258064516129,Critical,full-data fit; exploratory only
CUST0446,71,Adamawa,Male,6,150GB FUP Monthly Unlimited,Broadband MiFi,300000,180.53,Yes,0.6170816878143519,0.7903225806451613,High,full-data fit; exploratory only
CUST0447,76,Kano,Female,38,165GB Monthly Plan,4G Router,791000,190.78,Yes,0.5068616117091091,0.5786290322580645,Medium,full-data fit; exploratory only
CUST0448,20,Yobe,Female,32,120GB Monthly Broadband Plan,4G Router,1386000,126.94,No,0.5731502715628813,0.719758064516129,Medium,full-data fit; exploratory only
CUST0449,36,Cross River,Male,31,165GB Monthly Plan,4G Router,690000,503.44,Yes,0.5641556211768005,0.6975806451612904,Medium,full-data fit; exploratory only
CUST0450,52,Katsina,Female,9,12.5GB Monthly Plan,Mobile SIM Card,38500,61.08,Yes,0.62131603004606,0.7943548387096774,High,full-data fit; exploratory only
CUST0451,18,Ekiti,Female,23,10GB+10mins Monthly Plan,4G Router,116000,135.86,No,0.32166204762342476,0.20766129032258066,Low,full-data fit; exploratory only
CUST0452,59,Ekiti,Male,50,150GB FUP Monthly Unlimited,5G Broadband Router,460000,481.15,No,0.5107971035742142,0.5846774193548387,Medium,full-data fit; exploratory only
CUST0453,29,Abuja (FCT),Male,56,10GB+10mins Monthly Plan,4G Router,175000,283.29999999999995,Yes,0.4335945746188508,0.4314516129032258,Low,full-data fit; exploratory only
CUST0454,47,Taraba,Female,19,20GB Monthly Plan,5G Broadband Router,284000,188.3,Yes,0.48269591028603204,0.5060483870967742,Medium,full-data fit; exploratory only
CUST0455,68,Kogi,Female,55,30GB Monthly Broadband Plan,Broadband MiFi,117000,67.99,No,0.2575246632296824,0.12701612903225806,Low,full-data fit; exploratory only
CUST0456,71,Oyo,Female,49,450GB 3-Month Broadband Plan,5G Broadband Router,1350000,80.7,No,0.3442958503106503,0.2439516129032258,Low,full-data fit; exploratory only
CUST0457,56,Ekiti,Male,53,12.5GB Monthly Plan,Mobile SIM Card,99000,128.95,No,0.4576244788089398,0.4778225806451613,Low,full-data fit; exploratory only
CUST0458,60,Kebbi,Male,57,120GB Monthly Broadband Plan,4G Router,297000,147.65,Yes,0.5280926395199246,0.625,Medium,full-data fit; exploratory only
CUST0460,49,Zamfara,Female,8,10GB+10mins Monthly Plan,4G Router,935000,374.57,No,0.32616670521354424,0.21370967741935484,Low,full-data fit; exploratory only
CUST0461,29,Niger,Male,53,3.2GB 2-Day Plan,Broadband MiFi,48500,56.260000000000005,Yes,0.8002005161740751,0.9818548387096774,Critical,full-data fit; exploratory only
CUST0462,67,Bauchi,Female,56,12.5GB Monthly Plan,5G Broadband Router,227000,175.78,No,0.3264015991623626,0.2157258064516129,Low,full-data fit; exploratory only
CUST0463,74,Borno,Male,45,150GB FUP Monthly Unlimited,4G Router,606500,153.67,No,0.21535324648895762,0.07661290322580645,Low,full-data fit; exploratory only
CUST0464,63,Abia,Female,20,2.5GB 2-Day Plan,Mobile SIM Card,9000,187.4,Yes,0.6771541468109215,0.8810483870967742,High,full-data fit; exploratory only
CUST0465,43,Enugu,Female,1,12.5GB Monthly Plan,Mobile SIM Card,104500,114.83,No,0.4590844923730824,0.4798387096774194,Low,full-data fit; exploratory only
CUST0466,59,Jigawa,Female,54,12.5GB Monthly Plan,5G Broadband Router,460500,190.28,No,0.5054400650366995,0.5745967741935484,Medium,full-data fit; exploratory only
CUST0467,65,Osun,Female,22,120GB Monthly Broadband Plan,5G Broadband Router,757000,294.31,No,0.15691656387055927,0.028225806451612902,Low,full-data fit; exploratory only
CUST0468,22,Bauchi,Male,49,65GB Monthly Plan,4G Router,112000,55.36,No,0.5571640656309916,0.6814516129032258,Medium,full-data fit; exploratory only
CUST0469,72,Katsina,Female,26,450GB 3-Month Broadband Plan,5G Broadband Router,75000,36.51,No,0.11724520646080637,0.012096774193548387,Low,full-data fit; exploratory only
CUST0470,56,Jigawa,Female,6,25GB Monthly Plan,4G Router,225000,344.24,No,0.5688909960554815,0.7036290322580645,Medium,full-data fit; exploratory only
CUST0471,57,Enugu,Male,46,2.5GB 2-Day Plan,4G Router,54000,92.87,No,0.4833884604820973,0.5100806451612904,Medium,full-data fit; exploratory only
CUST0472,79,Zamfara,Female,8,2.5GB 2-Day Plan,4G Router,466200,185.64,No,0.37734340978297526,0.3024193548387097,Low,full-data fit; exploratory only
CUST0473,54,Kogi,Female,6,165GB Monthly Plan,4G Router,630000,192.29,No,0.30315361238911537,0.18548387096774194,Low,full-data fit; exploratory only
CUST0474,21,Lagos,Female,54,16.5GB+10mins Monthly Plan,5G Broadband Router,564000,256.46999999999997,Yes,0.50239066861687,0.5645161290322581,Medium,full-data fit; exploratory only
CUST0475,24,Abia,Male,26,16.5GB+10mins Monthly Plan,Broadband MiFi,521500,318.72,No,0.48766414768962046,0.5201612903225806,Medium,full-data fit; exploratory only
CUST0476,47,Niger,Female,14,165GB Monthly Plan,4G Router,558500,192.14,No,0.6519696608332486,0.8326612903225806,High,full-data fit; exploratory only
CUST0478,75,Gombe,Male,29,150GB FUP Monthly Unlimited,5G Broadband Router,520000,210.57999999999998,No,0.6381537430669755,0.8165322580645161,High,full-data fit; exploratory only
CUST0479,20,Akwa Ibom,Female,58,10GB+10mins Monthly Plan,4G Router,519500,244.73999999999998,Yes,0.4936436154984765,0.5362903225806451,Medium,full-data fit; exploratory only
CUST0480,32,Edo,Male,57,1.5TB Yearly Broadband Plan,5G Broadband Router,2100000,0.89,No,0.0004861383792504057,0.0020161290322580645,Low,full-data fit; exploratory only
CUST0481,57,Kwara,Female,18,1.5TB Yearly Broadband Plan,5G Broadband Router,2230000,73.46000000000001,No,0.5264478887681905,0.6209677419354839,Medium,full-data fit; exploratory only
CUST0482,58,Katsina,Male,48,10GB+10mins Monthly Plan,4G Router,13500,66.18,No,0.4421306856081899,0.44556451612903225,Low,full-data fit; exploratory only
CUST0484,76,Imo,Female,54,120GB Monthly Broadband Plan,Broadband MiFi,96000,124.1,No,0.5561776705914907,0.6774193548387096,Medium,full-data fit; exploratory only
CUST0485,31,Katsina,Male,59,20GB Monthly Plan,5G Broadband Router,422000,84.4,No,0.35330184717086044,0.2661290322580645,Low,full-data fit; exploratory only
CUST0486,28,Kogi,Male,56,10GB+10mins Monthly Plan,4G Router,103500,113.14,No,0.31671958296650227,0.19959677419354838,Low,full-data fit; exploratory only
CUST0487,40,Borno,Female,23,10GB+10mins Monthly Plan,4G Router,289000,222.19,No,0.2430082623901794,0.11491935483870967,Low,full-data fit; exploratory only
CUST0488,61,Abia,Male,10,120GB Monthly Broadband Plan,5G Broadband Router,846000,183.74,No,0.26107202851604194,0.12903225806451613,Low,full-data fit; exploratory only
CUST0489,41,Benue,Male,51,200GB Monthly Broadband Plan,4G Router,440000,255.72,Yes,0.7438445879974578,0.9395161290322581,Critical,full-data fit; exploratory only
CUST0490,45,Sokoto,Male,16,10GB+10mins Monthly Plan,4G Router,46500,167.77,No,0.32044668139553434,0.20362903225806453,Low,full-data fit; exploratory only
CUST0491,30,Plateau,Female,29,150GB FUP Monthly Unlimited,Broadband MiFi,122100,217.1,No,0.3899090799230531,0.3286290322580645,Low,full-data fit; exploratory only
CUST0492,47,Enugu,Male,2,165GB Monthly Plan,4G Router,140000,131.15,No,0.2792270053454938,0.1431451612903226,Low,full-data fit; exploratory only
CUST0493,42,Abia,Female,16,3.2GB 2-Day Plan,5G Broadband Router,613500,131.98000000000002,No,0.5703820261876571,0.7096774193548387,Medium,full-data fit; exploratory only
CUST0494,21,Benue,Female,51,1.5TB Yearly Broadband Plan,4G Router,3105000,200.54000000000002,Yes,0.770368298458746,0.9556451612903226,Critical,full-data fit; exploratory only
CUST0495,37,Zamfara,Female,49,200GB Monthly Broadband Plan,5G Broadband Router,400000,105.33,No,0.497791441426742,0.5483870967741935,Medium,full-data fit; exploratory only
CUST0496,76,Akwa Ibom,Female,41,1.5GB 2-Day Plan,4G Router,65700,248.68,Yes,0.5864064470307085,0.7379032258064516,Medium,full-data fit; exploratory only
CUST0497,26,Borno,Male,19,165GB Monthly Plan,4G Router,788000,219.29,No,0.27889393162291337,0.14112903225806453,Low,full-data fit; exploratory only
CUST0498,72,Osun,Female,42,150GB FUP Monthly Unlimited,4G Router,123000,28.27,No,0.38261992571501685,0.3165322580645161,Low,full-data fit; exploratory only
CUST0499,41,Bayelsa,Female,20,30GB Monthly Broadband Plan,5G Broadband Router,90000,154.13,No,0.2814183440089303,0.14717741935483872,Low,full-data fit; exploratory only
CUST0500,67,Kebbi,Male,31,150GB FUP Monthly Unlimited,4G Router,843500,389.17,Yes,0.7020812590390743,0.9153225806451613,Critical,full-data fit; exploratory only
